CustomerID,Age,Income,ProductQuality,ServiceQuality,PurchaseFrequency,Gender,Country,FeedbackScore,LoyaltyLevel,SatisfactionScore
1,56,130186,2,10,24,Male,UK,Medium,Platinum,76.6
2,69,59674,1,2,47,Male,UK,Medium,Platinum,42.93
3,46,60854,9,3,31,Female,Canada,Low,Bronze,62.62
4,32,71271,1,1,41,Male,UK,High,Bronze,38.9
5,60,98688,8,6,46,Male,UK,Low,Bronze,54.91
6,25,63518,2,6,50,Male,USA,Low,Bronze,35.84
7,38,136076,8,1,26,Male,Germany,Low,Bronze,56.57
8,56,35267,3,3,49,Female,Germany,High,Silver,60.64
9,36,115825,6,5,50,Male,USA,Low,Gold,66.37
10,40,26062,3,3,5,Male,USA,Low,Gold,61.95
11,28,141664,7,10,20,Male,UK,Low,Gold,85.69
12,28,75448,10,3,41,Male,France,Low,Platinum,85.58
13,41,120462,9,10,11,Female,UK,Medium,Silver,80.54
14,53,31229,2,3,33,Male,USA,Low,Gold,52.33
15,57,81793,5,5,50,Female,Germany,Medium,Platinum,66.92
16,41,139813,6,5,38,Male,UK,Low,Silver,61.35
17,20,72915,4,4,27,Female,France,High,Silver,63.76
18,39,29632,4,1,34,Female,UK,Medium,Platinum,65.63
19,19,129592,4,5,15,Male,Canada,Medium,Silver,62.73
20,41,28596,2,10,32,Male,UK,Medium,Platinum,83.12
21,61,134779,4,5,21,Female,USA,Medium,Gold,71.02
22,47,31168,1,4,46,Female,Germany,High,Platinum,78.27
23,55,133099,6,6,5,Male,Germany,Low,Silver,63.42
24,19,32561,1,10,6,Female,USA,Medium,Gold,67.79
25,38,98794,10,4,38,Female,Canada,High,Gold,86.23
26,50,107152,6,7,22,Female,USA,Medium,Bronze,63.49
27,29,149049,1,7,18,Male,UK,Low,Bronze,57.41
28,39,51734,6,2,14,Female,USA,Medium,Silver,58.58
29,61,31371,10,3,10,Female,USA,High,Platinum,84.67
30,42,143894,8,1,46,Female,Canada,Low,Platinum,65.14
31,66,51069,2,8,13,Male,UK,High,Silver,73.59
32,44,104905,2,9,31,Male,France,Low,Gold,66.71
33,59,37910,4,4,30,Female,France,Low,Silver,51.79
34,45,98479,3,6,3,Male,Germany,Low,Silver,65.83
35,33,102735,4,9,30,Female,USA,Medium,Gold,73.22
36,32,106264,7,6,6,Male,Germany,High,Platinum,87.68
37,64,48275,1,9,29,Male,Canada,High,Silver,73.26
38,68,97274,6,4,8,Female,France,High,Platinum,71.84
39,61,106449,3,8,44,Male,USA,Low,Silver,64.9
40,69,125776,10,9,45,Male,Canada,Medium,Gold,87.22
41,20,85004,7,4,43,Male,Canada,Low,Gold,71.61
42,54,87981,10,5,44,Female,USA,High,Bronze,72.69
43,68,109659,2,8,33,Male,Canada,Medium,Gold,73.46
44,24,79553,2,10,17,Male,USA,Medium,Bronze,70.53
45,38,73447,4,6,48,Female,USA,Medium,Silver,69.31
46,26,59529,1,7,11,Male,UK,High,Platinum,76.26
47,56,100703,3,3,13,Male,Germany,Medium,Gold,58.84
48,35,101090,9,7,50,Male,Canada,Medium,Gold,82.12
49,21,42260,7,8,11,Male,Canada,Low,Gold,84.86
50,42,137581,7,10,31,Male,UK,Low,Silver,74.0
51,31,28812,4,6,28,Female,UK,Medium,Bronze,54.81
52,67,53024,2,10,44,Female,UK,Medium,Silver,73.33
53,26,83656,4,9,6,Male,France,Low,Platinum,73.52
54,43,141148,6,6,41,Male,France,Low,Silver,60.25
55,19,52285,3,9,16,Male,France,Low,Platinum,67.78
56,37,117436,1,4,4,Female,USA,High,Gold,60.09
57,45,141421,8,8,35,Female,Canada,High,Platinum,94.59
58,64,26605,5,4,48,Male,Germany,Low,Platinum,68.72
59,24,96158,5,2,26,Male,USA,Medium,Bronze,57.26
60,61,97303,4,10,12,Female,Canada,Low,Platinum,82.63
61,25,52139,6,9,11,Male,Canada,High,Platinum,91.55
62,64,102149,3,5,37,Female,UK,Medium,Silver,59.01
63,52,81138,9,4,25,Female,UK,High,Gold,85.05
64,31,143205,5,2,18,Male,USA,Medium,Silver,63.86
65,34,101125,3,1,19,Female,UK,High,Silver,55.63
66,53,38918,1,7,23,Male,Canada,Medium,Gold,62.65
67,67,110655,10,6,38,Male,UK,Medium,Gold,80.04
68,57,52446,6,2,18,Male,France,Medium,Platinum,62.77
69,21,149040,2,8,26,Male,UK,Medium,Platinum,78.33
70,19,38046,3,4,6,Male,Canada,High,Bronze,60.39
71,23,49818,1,8,4,Male,USA,High,Silver,70.39
72,59,125894,9,7,44,Female,Germany,Medium,Gold,84.36
73,21,140751,8,5,29,Female,UK,Medium,Platinum,89.53
74,46,29324,2,10,34,Female,Canada,High,Gold,77.58
75,35,101323,8,10,17,Female,Germany,Medium,Platinum,99.78
76,43,34111,9,8,43,Male,Germany,Medium,Bronze,77.31
77,61,63110,1,9,43,Female,France,Medium,Bronze,56.96
78,51,41389,5,5,16,Female,Germany,Low,Gold,67.96
79,27,147177,8,10,2,Female,Canada,Medium,Bronze,82.05
80,53,66427,2,5,34,Male,Canada,Low,Gold,59.28
81,31,104579,4,2,8,Female,UK,Medium,Platinum,65.41
82,48,53746,7,5,13,Male,UK,High,Silver,74.81
83,65,147883,3,3,42,Female,UK,Low,Bronze,56.94
84,32,112886,5,7,8,Male,Germany,Low,Platinum,80.92
85,25,132141,8,10,30,Male,Germany,Medium,Silver,88.61
86,31,25117,10,5,32,Female,France,Medium,Silver,78.06
87,40,137221,3,8,36,Male,UK,Low,Silver,67.54
88,57,109471,4,1,47,Male,USA,High,Platinum,70.09
89,38,137613,9,3,30,Female,France,High,Platinum,85.13
90,33,38234,7,3,1,Female,USA,Medium,Gold,68.48
91,62,128864,1,9,43,Female,Germany,High,Silver,69.6
92,35,78441,4,5,39,Male,France,High,Silver,51.65
93,64,25846,4,9,17,Male,France,Medium,Silver,73.55
94,41,35954,9,9,20,Male,Canada,High,Gold,92.56
95,43,104239,6,1,24,Female,Germany,Medium,Silver,65.46
96,42,138689,9,2,50,Male,Germany,Low,Platinum,72.6
97,62,71514,6,5,22,Male,France,Medium,Silver,61.56
98,58,113236,6,4,29,Male,Germany,Low,Bronze,54.75
99,46,122579,5,10,22,Male,France,Low,Platinum,77.27
100,32,31469,5,9,44,Male,Canada,High,Gold,87.37
101,62,55105,2,7,9,Male,France,High,Silver,68.95
102,18,67101,8,6,37,Male,Germany,High,Bronze,79.79
103,42,89323,8,7,10,Female,Germany,Medium,Gold,78.55
104,24,116922,1,1,36,Female,France,High,Gold,55.17
105,26,83067,8,1,37,Female,France,Low,Platinum,60.67
106,41,74376,5,8,28,Male,France,High,Gold,86.01
107,18,70587,2,2,28,Male,UK,High,Gold,62.59
108,61,61976,2,10,42,Female,Germany,Medium,Gold,77.48
109,25,129587,6,9,43,Male,Germany,Medium,Gold,82.51
110,41,92584,9,7,21,Female,UK,Low,Silver,77.07
111,28,129537,1,6,24,Male,France,Medium,Silver,65.52
112,68,103477,6,1,42,Male,Canada,High,Silver,61.07
113,34,135911,9,1,40,Female,France,Medium,Silver,65.69
114,25,67533,8,2,2,Female,France,Low,Bronze,49.57
115,52,26828,6,6,8,Female,UK,High,Silver,70.66
116,52,26917,3,6,48,Female,Germany,Low,Gold,62.99
117,50,45618,8,2,27,Female,France,Medium,Silver,70.52
118,22,57254,9,1,22,Male,Germany,Medium,Silver,63.72
119,59,130292,1,10,37,Male,USA,Low,Platinum,71.32
120,56,141714,9,5,27,Male,Germany,High,Gold,82.97
121,58,72362,6,5,29,Female,Canada,Medium,Silver,64.83
122,45,45128,6,2,3,Female,Canada,Medium,Silver,61.47
123,24,148781,4,6,44,Female,France,High,Silver,62.51
124,26,136281,1,9,13,Female,Germany,Medium,Bronze,66.4
125,25,84383,10,2,45,Female,France,Low,Silver,61.67
126,29,90545,8,10,10,Female,UK,Medium,Platinum,98.61
127,51,107180,2,2,36,Male,Canada,Medium,Gold,48.65
128,50,112958,1,3,9,Male,France,High,Gold,63.34
129,65,34865,2,7,27,Male,UK,Low,Silver,60.86
130,40,27219,1,6,34,Male,France,High,Silver,64.42
131,41,64809,1,8,1,Male,Germany,Medium,Silver,57.53
132,54,141748,9,8,32,Female,Germany,Medium,Gold,88.75
133,52,30287,1,6,25,Female,Germany,High,Gold,61.58
134,61,59387,4,10,29,Female,Germany,High,Bronze,73.74
135,57,33512,10,3,7,Female,USA,High,Platinum,92.65
136,39,26342,6,3,49,Female,UK,Low,Bronze,56.48
137,44,88076,7,1,3,Female,UK,Medium,Platinum,70.08
138,52,133872,2,7,20,Male,Germany,High,Bronze,57.63
139,18,44216,6,5,20,Female,USA,Medium,Gold,75.73
140,52,142512,7,4,30,Female,Germany,Low,Bronze,57.6
141,54,141682,10,10,35,Female,USA,Low,Platinum,83.4
142,64,118070,10,4,35,Female,Germany,Low,Silver,73.91
143,31,104767,2,4,49,Male,Canada,Low,Platinum,59.88
144,20,122829,2,6,39,Male,Canada,Medium,Silver,66.01
145,18,51614,10,8,27,Female,France,Low,Gold,79.52
146,22,61258,7,8,26,Male,Germany,Low,Platinum,66.62
147,43,118789,1,5,14,Male,UK,High,Bronze,56.4
148,31,67078,8,6,17,Female,France,Low,Platinum,81.46
149,56,131288,3,4,18,Female,Canada,High,Silver,54.05
150,44,108524,6,9,45,Female,Germany,Low,Gold,72.61
151,26,121573,9,8,29,Female,France,Low,Bronze,86.28
152,32,37219,6,10,20,Female,Germany,High,Platinum,93.47
153,32,25235,9,10,27,Male,Canada,Low,Silver,86.15
154,43,67929,7,1,18,Female,France,Medium,Bronze,51.75
155,59,92444,9,2,4,Female,Canada,Medium,Gold,62.05
156,30,33567,2,9,1,Female,USA,Low,Bronze,56.65
157,68,126834,8,8,50,Male,Canada,Medium,Gold,83.67
158,49,95792,8,3,1,Female,Germany,High,Bronze,65.5
159,56,90441,2,8,26,Female,UK,Low,Platinum,69.43
160,66,109555,4,1,45,Female,Canada,Low,Silver,48.82
161,69,98698,7,10,20,Male,UK,High,Platinum,96.75
162,49,149450,4,4,23,Female,USA,High,Platinum,68.68
163,21,142248,4,3,10,Female,France,High,Gold,69.93
164,47,30415,6,6,11,Female,France,Low,Gold,60.25
165,54,61159,10,7,41,Male,UK,High,Gold,82.25
166,40,68925,6,4,41,Female,France,High,Platinum,83.7
167,56,30951,10,7,5,Female,Canada,Medium,Bronze,80.04
168,62,112388,3,9,1,Female,UK,Medium,Bronze,64.71
169,32,33007,9,2,17,Male,Germany,Low,Platinum,65.52
170,60,66832,10,3,22,Female,Canada,Medium,Platinum,78.96
171,46,83596,2,5,34,Female,Canada,Medium,Silver,56.19
172,53,146101,6,3,45,Female,Canada,High,Gold,64.52
173,30,55523,7,8,41,Male,Germany,High,Gold,83.8
174,49,113861,9,10,29,Male,USA,Medium,Platinum,100.0
175,24,149194,3,8,4,Female,France,Medium,Platinum,84.64
176,68,111740,10,8,5,Male,UK,Medium,Bronze,77.9
177,39,40524,3,9,11,Male,USA,Low,Platinum,78.78
178,45,44282,7,4,21,Male,UK,Low,Bronze,47.93
179,19,48930,4,5,35,Female,France,Low,Platinum,70.8
180,59,25077,8,5,12,Female,Germany,Medium,Silver,68.48
181,62,130881,7,8,26,Male,Canada,Medium,Silver,79.04
182,23,45611,5,7,19,Male,Canada,Low,Bronze,58.76
183,45,41984,7,9,45,Male,Germany,Low,Gold,86.6
184,45,39060,3,8,7,Female,USA,Medium,Silver,63.13
185,61,107985,2,2,47,Female,USA,High,Bronze,53.14
186,61,109056,6,10,7,Male,UK,Low,Platinum,83.6
187,37,68303,2,4,26,Male,Germany,Medium,Platinum,64.21
188,47,84207,3,6,40,Male,USA,Medium,Bronze,56.58
189,28,100046,6,2,5,Male,Germany,High,Gold,65.77
190,45,54287,5,7,21,Female,France,Medium,Bronze,64.93
191,42,118709,8,3,14,Male,Canada,Medium,Bronze,62.19
192,56,64711,9,3,4,Female,Canada,Low,Silver,66.21
193,50,36954,3,2,23,Male,Canada,Low,Bronze,42.92
194,18,98340,10,8,42,Male,Germany,High,Bronze,88.99
195,44,97101,3,6,20,Male,Germany,High,Platinum,82.12
196,69,96520,3,1,15,Male,UK,Medium,Silver,44.75
197,30,112062,6,1,50,Male,Canada,Low,Platinum,66.84
198,58,127974,1,7,45,Female,UK,High,Platinum,69.07
199,20,43574,7,8,29,Male,Canada,High,Gold,90.44
200,56,34184,1,5,8,Male,UK,High,Gold,68.1
201,23,44096,5,5,41,Male,UK,Medium,Silver,55.44
202,25,92728,10,4,48,Female,France,Low,Silver,70.46
203,44,59016,8,6,19,Female,UK,High,Gold,82.66
204,26,36246,4,6,48,Female,Germany,Low,Gold,61.21
205,54,70558,5,3,39,Female,UK,High,Gold,76.75
206,50,143721,4,9,46,Male,Canada,High,Gold,79.23
207,68,43381,4,7,28,Male,UK,Low,Gold,63.47
208,59,61455,8,1,46,Male,USA,Low,Platinum,67.88
209,61,117263,2,7,27,Female,Canada,Low,Silver,60.93
210,41,29018,1,5,4,Male,USA,Medium,Platinum,64.29
211,32,36302,3,5,15,Male,Canada,High,Platinum,80.83
212,49,92506,9,2,35,Female,Germany,Medium,Bronze,65.15
213,49,66157,4,4,37,Female,Germany,Low,Platinum,54.11
214,41,79917,10,6,1,Female,Germany,High,Gold,87.35
215,58,117738,5,10,3,Male,USA,Medium,Gold,79.69
216,69,121646,2,7,47,Male,France,High,Bronze,64.9
217,66,108122,4,5,24,Female,Canada,Medium,Bronze,44.38
218,66,49519,2,9,27,Male,Germany,Low,Bronze,70.25
219,69,121809,2,3,40,Female,Canada,Medium,Bronze,50.16
220,29,112487,4,1,36,Female,USA,High,Bronze,53.24
221,56,81819,6,4,34,Male,France,High,Platinum,85.91
222,19,105910,7,9,29,Female,USA,High,Bronze,91.72
223,20,145430,10,4,24,Female,Canada,High,Platinum,94.35
224,66,96324,3,2,24,Female,France,Low,Silver,52.24
225,54,30408,3,10,42,Male,France,Medium,Bronze,68.15
226,66,84379,10,5,4,Female,USA,Low,Bronze,66.79
227,34,50053,6,3,3,Female,Germany,Low,Platinum,65.12
228,66,34446,3,9,34,Female,Canada,Low,Silver,60.87
229,19,25922,2,4,49,Female,UK,High,Platinum,66.56
230,19,123723,8,6,23,Female,UK,High,Platinum,83.25
231,45,76356,5,2,23,Female,USA,High,Bronze,57.12
232,40,35789,1,6,45,Female,Canada,Medium,Gold,54.08
233,54,122720,3,3,5,Male,Canada,High,Gold,65.95
234,49,91656,10,9,31,Male,USA,Medium,Platinum,97.32
235,50,69028,8,2,41,Female,Canada,High,Bronze,65.73
236,18,89484,4,9,6,Male,Germany,High,Silver,74.89
237,36,57154,7,5,37,Male,USA,Low,Gold,85.38
238,19,107870,10,8,10,Female,Germany,Low,Silver,86.8
239,61,27336,2,2,40,Male,Canada,Low,Gold,43.78
240,43,128677,7,6,7,Female,USA,Medium,Bronze,68.66
241,49,92779,5,3,39,Female,Canada,Medium,Platinum,66.96
242,23,44029,5,10,38,Female,USA,High,Silver,77.43
243,49,84201,6,5,21,Female,Canada,Medium,Silver,60.8
244,21,57265,9,8,20,Female,Germany,High,Platinum,99.66
245,28,127916,6,10,3,Male,Germany,Medium,Silver,76.59
246,34,137250,8,1,22,Female,Canada,Medium,Gold,72.34
247,55,141553,7,5,47,Male,USA,Medium,Platinum,84.97
248,41,68872,9,3,4,Female,UK,Low,Gold,76.87
249,22,71197,4,4,28,Female,Germany,Medium,Gold,60.74
250,69,80180,2,2,12,Female,Germany,Low,Bronze,42.38
251,51,48710,7,9,38,Male,UK,Low,Gold,83.16
252,23,54486,6,3,36,Female,Canada,Medium,Bronze,55.13
253,39,96907,1,2,47,Female,USA,High,Silver,48.64
254,28,96895,9,10,41,Female,Canada,High,Silver,100.0
255,65,89435,9,9,5,Female,France,High,Bronze,86.14
256,33,65631,2,7,13,Male,Germany,Medium,Gold,70.68
257,50,126532,3,6,23,Female,France,High,Platinum,73.39
258,26,45103,5,1,50,Male,Germany,Low,Platinum,53.9
259,23,89772,5,5,30,Female,Germany,High,Bronze,62.15
260,33,39382,1,3,37,Male,France,Medium,Silver,49.38
261,46,109291,8,1,25,Male,France,High,Silver,62.18
262,20,126195,8,4,48,Female,Canada,Low,Platinum,74.95
263,37,28756,4,2,27,Female,France,Medium,Bronze,41.56
264,53,45609,7,2,14,Male,Canada,High,Platinum,71.9
265,36,139074,10,3,48,Female,Canada,Medium,Gold,80.85
266,43,41478,3,8,47,Female,Canada,Medium,Gold,75.52
267,20,125978,6,8,36,Female,Germany,Medium,Bronze,68.04
268,36,64666,10,7,39,Male,Germany,High,Bronze,77.41
269,37,100683,10,6,16,Female,France,Medium,Gold,79.86
270,49,124097,9,9,22,Female,Germany,High,Silver,88.13
271,24,149714,1,4,21,Female,France,Low,Bronze,45.72
272,69,125420,5,1,21,Male,Germany,High,Gold,69.64
273,58,96315,4,8,8,Female,USA,Low,Gold,67.52
274,50,102834,8,7,49,Male,USA,High,Silver,76.73
275,57,39153,1,7,16,Female,France,Medium,Silver,61.34
276,56,134415,9,3,31,Male,Germany,High,Silver,70.88
277,35,101325,6,4,42,Female,Germany,Medium,Silver,62.41
278,57,134701,4,10,10,Female,Canada,Low,Platinum,86.63
279,18,37999,9,9,32,Male,UK,High,Silver,94.14
280,28,80318,5,6,34,Male,France,Medium,Platinum,78.29
281,45,25814,5,5,9,Male,UK,Low,Bronze,48.64
282,42,140033,5,3,17,Female,UK,Low,Gold,61.06
283,67,101077,1,9,11,Female,France,High,Platinum,85.31
284,40,115474,1,5,32,Female,Germany,Low,Bronze,43.12
285,48,27443,8,5,10,Female,France,Medium,Bronze,74.26
286,47,100993,8,4,22,Male,UK,Low,Platinum,81.46
287,59,100916,6,4,17,Female,Germany,Low,Bronze,63.32
288,52,98319,4,1,4,Female,USA,Medium,Bronze,49.03
289,24,134777,2,7,48,Female,France,Low,Platinum,70.44
290,33,42368,2,9,47,Female,France,Low,Bronze,64.57
291,43,40328,9,3,25,Female,Germany,Low,Silver,67.24
292,65,81942,5,2,21,Female,USA,Low,Silver,49.99
293,69,116751,4,3,37,Female,USA,Medium,Gold,60.26
294,66,124131,10,1,38,Male,Germany,Low,Bronze,58.69
295,19,52306,1,6,49,Female,Canada,Medium,Gold,56.05
296,18,110451,7,7,1,Female,France,Low,Silver,69.28
297,65,64915,3,2,25,Female,France,Low,Silver,52.98
298,29,62219,6,8,36,Female,UK,Low,Silver,59.04
299,22,105879,5,6,17,Male,Germany,Low,Bronze,65.17
300,54,136939,5,4,41,Male,UK,Medium,Bronze,63.11
301,49,89644,5,5,24,Male,UK,Medium,Silver,62.7
302,26,85279,1,8,2,Male,USA,Medium,Gold,70.22
303,58,78028,1,3,40,Male,France,High,Gold,60.02
304,52,129263,3,3,15,Male,UK,Low,Platinum,66.15
305,36,25126,10,4,32,Female,USA,Low,Silver,74.91
306,65,77329,4,1,39,Male,Germany,Medium,Gold,50.5
307,33,52632,5,9,6,Male,UK,High,Silver,82.94
308,20,132099,2,8,1,Female,France,Low,Gold,63.97
309,37,90310,8,8,47,Male,UK,Medium,Platinum,90.41
310,41,134945,2,10,23,Female,Germany,Low,Platinum,71.36
311,50,80176,9,6,39,Female,UK,Low,Silver,81.24
312,41,144797,2,7,17,Male,France,Medium,Gold,72.7
313,69,111066,9,6,34,Female,USA,Medium,Bronze,68.8
314,28,130500,7,9,41,Male,France,Low,Platinum,78.33
315,66,69327,8,3,29,Male,USA,Low,Silver,60.57
316,25,93904,2,3,9,Female,Canada,Medium,Silver,54.67
317,53,28797,7,3,13,Female,France,Low,Gold,66.2
318,55,72882,6,10,6,Male,France,Low,Silver,81.27
319,57,38718,4,3,6,Female,Germany,Medium,Platinum,71.45
320,37,59560,7,9,20,Female,UK,Low,Silver,79.85
321,52,101589,4,4,3,Male,USA,Low,Silver,56.63
322,65,47116,2,7,17,Male,USA,High,Bronze,55.55
323,42,61244,10,9,49,Female,Germany,Medium,Bronze,81.52
324,52,126721,7,7,12,Male,Germany,High,Platinum,95.3
325,42,26645,8,9,48,Male,UK,High,Gold,92.24
326,46,72523,2,3,47,Male,UK,High,Bronze,55.02
327,35,149085,5,4,45,Male,France,Low,Gold,60.91
328,63,142718,1,8,1,Male,Canada,Low,Platinum,62.35
329,35,44256,7,6,17,Male,UK,High,Bronze,71.88
330,19,126376,8,5,3,Male,Germany,High,Gold,84.05
331,52,125158,6,4,26,Female,UK,High,Bronze,61.72
332,33,78173,5,8,15,Male,USA,Low,Platinum,76.32
333,58,62430,6,1,36,Female,Canada,High,Platinum,67.8
334,53,64282,2,9,32,Female,France,High,Bronze,73.1
335,50,144719,1,1,32,Female,USA,Medium,Gold,48.53
336,21,88374,7,8,4,Male,USA,Medium,Silver,84.76
337,50,93244,7,4,18,Male,Canada,Low,Silver,70.14
338,31,36694,10,9,49,Female,France,Medium,Bronze,82.09
339,38,81264,10,5,19,Male,Germany,Medium,Gold,77.46
340,65,100060,2,3,43,Female,France,Medium,Silver,42.07
341,37,122416,2,9,35,Male,UK,Low,Platinum,65.14
342,25,82545,1,9,40,Male,USA,Medium,Gold,63.13
343,24,143195,10,4,14,Female,UK,Low,Silver,76.89
344,20,64224,8,4,33,Female,Germany,High,Gold,80.58
345,34,127516,8,8,14,Female,UK,Medium,Bronze,76.95
346,50,122945,1,2,34,Male,France,Low,Gold,36.4
347,65,38224,8,9,4,Female,UK,Medium,Silver,76.51
348,29,65738,9,6,24,Male,Germany,High,Bronze,81.94
349,68,50150,4,9,29,Male,Germany,Low,Gold,73.93
350,39,88731,1,8,19,Male,Germany,Low,Platinum,66.76
351,39,74688,1,7,6,Female,France,Low,Silver,57.82
352,63,124929,3,1,33,Female,Germany,High,Bronze,58.18
353,47,133618,5,3,49,Female,USA,High,Gold,68.89
354,55,98509,5,2,40,Male,Germany,High,Platinum,72.85
355,55,33577,9,5,19,Male,UK,Low,Silver,70.96
356,62,33070,10,5,1,Female,UK,High,Platinum,100.0
357,68,33666,2,5,5,Male,UK,Medium,Gold,52.0
358,25,82761,2,4,27,Male,France,High,Gold,68.42
359,44,146178,6,5,16,Female,UK,Low,Bronze,56.93
360,44,61368,9,3,6,Female,France,Medium,Platinum,82.83
361,51,31783,1,1,40,Female,France,High,Bronze,41.71
362,38,136530,9,5,13,Male,Germany,Medium,Silver,74.76
363,47,66914,9,9,48,Male,USA,Medium,Bronze,83.56
364,50,95507,9,9,35,Male,Germany,Low,Silver,95.56
365,45,104026,5,4,19,Male,Germany,Medium,Gold,71.54
366,64,140893,9,3,12,Male,France,Medium,Gold,70.76
367,50,136255,4,1,16,Female,France,Low,Platinum,55.38
368,22,135616,2,2,43,Male,UK,Low,Silver,42.73
369,65,92526,6,8,10,Male,UK,Low,Gold,66.02
370,36,95835,4,1,25,Male,Germany,Medium,Platinum,60.85
371,21,70765,6,8,20,Female,Canada,Medium,Platinum,88.66
372,52,44956,3,7,31,Female,Canada,Medium,Bronze,53.63
373,66,112895,6,8,4,Female,UK,Low,Platinum,85.24
374,34,71240,2,6,44,Male,Canada,High,Gold,72.44
375,61,146008,2,9,23,Female,UK,Medium,Bronze,58.83
376,45,62148,9,3,2,Female,France,High,Silver,74.29
377,47,119270,7,10,22,Female,Germany,Low,Silver,85.49
378,46,29757,3,4,37,Male,USA,Medium,Gold,66.17
379,63,44097,1,6,8,Female,Germany,High,Gold,67.54
380,23,35395,8,8,7,Male,UK,Medium,Bronze,73.81
381,52,41241,6,5,14,Male,UK,Medium,Bronze,62.88
382,58,128892,7,3,3,Female,Germany,Medium,Gold,67.44
383,54,52696,9,6,50,Male,UK,High,Gold,76.98
384,41,140654,5,4,16,Female,Canada,Low,Silver,67.71
385,46,95480,1,9,19,Male,Canada,Medium,Silver,65.78
386,66,71163,10,3,18,Female,UK,Low,Silver,69.49
387,63,44816,7,4,16,Female,UK,Low,Gold,67.21
388,48,74840,5,7,8,Female,Canada,High,Platinum,81.32
389,52,127547,3,7,33,Male,UK,High,Gold,74.07
390,50,77853,9,4,49,Female,UK,Low,Gold,64.5
391,69,49917,1,6,12,Male,Germany,Medium,Silver,68.89
392,38,121731,1,3,11,Female,USA,High,Gold,53.83
393,49,46566,1,6,5,Male,Canada,Medium,Bronze,47.34
394,40,100452,3,2,27,Male,Germany,Medium,Gold,55.3
395,50,87823,6,8,12,Female,USA,Medium,Gold,86.44
396,20,146392,10,2,17,Female,UK,Low,Gold,70.07
397,35,45806,3,7,6,Female,UK,Medium,Gold,63.82
398,42,100520,8,9,33,Female,Germany,Low,Platinum,93.77
399,59,26759,10,1,5,Female,UK,Low,Gold,71.16
400,48,66949,2,8,28,Male,France,Medium,Bronze,62.69
401,20,117374,9,7,14,Female,Germany,Medium,Bronze,78.58
402,57,27482,3,6,5,Female,USA,Medium,Gold,79.47
403,63,49442,5,6,33,Male,Germany,Medium,Silver,78.43
404,41,58719,10,6,50,Female,Canada,Low,Platinum,81.57
405,67,83066,8,9,48,Female,Germany,Medium,Gold,95.62
406,49,118501,2,2,41,Male,UK,Medium,Gold,56.92
407,64,27079,6,1,19,Female,UK,Low,Gold,60.0
408,39,27717,5,6,22,Female,France,High,Silver,64.04
409,40,84676,10,10,5,Female,France,High,Silver,94.15
410,19,52952,9,8,2,Male,France,Low,Silver,73.44
411,44,111444,5,3,30,Female,USA,High,Platinum,79.14
412,59,67460,2,10,47,Male,France,Low,Bronze,65.36
413,19,115397,5,1,39,Female,USA,Medium,Platinum,54.63
414,43,97847,4,9,4,Male,France,Medium,Silver,72.39
415,34,118607,7,1,33,Female,USA,High,Bronze,65.61
416,57,114106,6,3,13,Male,Germany,Medium,Bronze,56.57
417,50,43449,2,8,20,Male,Germany,High,Silver,73.65
418,26,58536,5,3,7,Male,UK,High,Silver,66.76
419,60,89077,7,4,15,Male,USA,Medium,Platinum,79.21
420,65,63258,7,8,23,Male,Canada,Medium,Silver,76.14
421,56,73302,5,1,14,Male,UK,High,Bronze,48.92
422,46,53865,9,6,23,Female,Germany,Medium,Gold,76.89
423,59,31645,4,1,19,Female,USA,Low,Silver,51.05
424,43,144771,3,1,29,Male,France,Medium,Silver,50.1
425,52,63000,4,8,20,Male,Canada,Medium,Platinum,79.31
426,67,51737,5,4,29,Male,Germany,Low,Platinum,65.38
427,42,36485,6,1,24,Male,UK,Medium,Silver,55.97
428,41,63565,3,10,18,Female,USA,Medium,Bronze,72.73
429,30,50522,2,7,10,Male,Canada,High,Bronze,60.82
430,24,144614,4,5,41,Female,USA,Medium,Gold,60.79
431,53,90155,5,5,8,Female,France,Medium,Silver,68.72
432,62,80168,4,1,26,Male,UK,Low,Platinum,56.48
433,37,77487,3,10,29,Male,USA,High,Bronze,72.66
434,18,37342,8,6,10,Female,Germany,High,Gold,93.04
435,25,65806,10,9,17,Female,UK,High,Silver,92.4
436,63,73770,4,9,2,Male,Germany,Medium,Bronze,68.95
437,33,103623,2,8,6,Male,USA,High,Silver,64.11
438,31,128177,2,5,5,Male,UK,Low,Silver,51.4
439,29,124785,1,1,28,Female,Germany,High,Bronze,48.05
440,68,100629,4,9,41,Female,France,Low,Bronze,54.72
441,40,145993,10,1,5,Male,France,High,Bronze,68.5
442,32,77603,9,8,18,Female,USA,High,Silver,88.0
443,45,137726,7,5,26,Female,UK,Low,Silver,65.21
444,51,106974,10,3,20,Male,Canada,High,Gold,87.69
445,19,130947,7,7,41,Male,UK,High,Platinum,91.67
446,49,51399,7,7,49,Female,France,High,Silver,87.39
447,40,110382,8,9,27,Female,Germany,Medium,Platinum,87.53
448,39,106244,1,7,49,Male,Canada,Low,Bronze,50.68
449,68,134575,10,3,12,Male,USA,High,Silver,77.92
450,42,140520,10,1,7,Male,Canada,Low,Gold,62.15
451,39,135904,8,8,3,Male,USA,Low,Gold,84.78
452,39,101534,4,3,10,Male,Canada,Low,Platinum,74.12
453,66,80106,4,8,34,Female,USA,High,Bronze,69.91
454,69,137599,4,8,25,Female,USA,High,Platinum,87.53
455,59,55678,6,5,35,Female,Canada,Low,Bronze,57.92
456,23,101218,7,1,16,Female,Canada,Medium,Gold,61.43
457,32,88230,6,10,2,Male,USA,Low,Platinum,75.9
458,60,139684,1,7,24,Male,France,Medium,Gold,61.47
459,54,99055,8,10,10,Male,Canada,Low,Gold,78.04
460,50,81373,10,5,38,Female,UK,Low,Bronze,76.02
461,25,56480,7,8,22,Female,Germany,Low,Platinum,81.92
462,61,110230,6,9,26,Female,USA,High,Platinum,90.77
463,61,93836,6,7,43,Male,USA,Medium,Gold,81.95
464,22,97258,5,7,39,Female,Germany,Medium,Gold,69.39
465,56,64986,6,1,27,Male,France,Low,Bronze,43.67
466,21,49160,9,4,29,Male,Germany,High,Silver,77.84
467,23,110595,10,2,47,Male,Canada,High,Silver,80.14
468,62,126358,9,2,38,Male,Germany,Medium,Gold,75.01
469,49,104111,10,2,20,Male,USA,High,Silver,76.24
470,69,89929,8,4,27,Male,Germany,Medium,Silver,70.39
471,47,98506,10,1,41,Female,UK,Medium,Silver,69.5
472,64,59911,9,4,20,Male,Canada,Medium,Silver,73.51
473,52,112127,10,2,44,Male,Germany,High,Gold,74.85
474,57,56821,8,5,19,Female,USA,Medium,Silver,72.73
475,69,100039,8,3,20,Male,Canada,Medium,Silver,62.13
476,33,85535,1,8,35,Female,USA,Low,Bronze,52.91
477,30,138453,10,4,47,Female,France,Medium,Gold,77.6
478,67,109458,5,1,2,Female,UK,Medium,Platinum,77.7
479,59,37175,4,1,30,Male,France,Low,Platinum,57.3
480,47,144235,2,10,34,Male,UK,Low,Bronze,52.98
481,36,79771,8,3,22,Female,Germany,High,Bronze,66.83
482,34,131660,3,9,3,Male,Canada,Medium,Gold,77.6
483,36,146300,4,7,6,Male,Germany,High,Platinum,90.87
484,45,111925,7,2,15,Female,UK,High,Silver,64.55
485,43,138374,10,9,27,Female,UK,Low,Bronze,69.59
486,54,91358,9,10,10,Male,UK,High,Platinum,100.0
487,43,42327,2,2,9,Female,USA,Medium,Gold,48.1
488,40,72057,3,3,33,Female,Canada,Low,Silver,47.82
489,26,31150,4,10,32,Female,Germany,Medium,Gold,78.71
490,29,29425,10,2,48,Male,Germany,Medium,Bronze,64.65
491,18,148654,1,3,6,Male,France,Low,Platinum,58.45
492,18,41032,7,6,41,Male,UK,Medium,Platinum,79.08
493,64,27198,2,9,36,Female,UK,Low,Platinum,71.13
494,51,85500,5,9,2,Male,UK,Medium,Platinum,84.93
495,49,78394,1,7,29,Female,Germany,Low,Silver,55.75
496,65,45079,3,3,4,Male,France,High,Silver,60.49
497,42,61220,2,4,1,Male,USA,Medium,Gold,62.18
498,57,66874,1,6,19,Female,Canada,Low,Silver,56.72
499,62,38859,7,5,26,Male,USA,Medium,Bronze,66.96
500,18,75460,5,2,25,Female,Germany,Medium,Bronze,54.77
501,33,56419,1,6,10,Male,UK,Medium,Platinum,59.59
502,56,143865,6,3,15,Male,Canada,Low,Bronze,52.75
503,22,33705,5,8,22,Female,Germany,High,Gold,84.9
504,39,67880,3,2,48,Female,Germany,High,Silver,61.14
505,46,48236,7,1,21,Female,Germany,High,Silver,61.54
506,20,112955,10,9,22,Male,Canada,Low,Silver,79.2
507,29,110514,9,3,36,Male,Canada,High,Bronze,67.13
508,43,128145,9,1,34,Male,France,Low,Silver,62.68
509,33,40358,9,7,30,Female,France,Medium,Platinum,95.17
510,68,124713,2,10,25,Female,USA,Medium,Platinum,77.96
511,54,119914,3,5,45,Female,Canada,High,Platinum,79.54
512,39,127870,7,5,28,Male,Canada,Low,Bronze,60.62
513,46,101918,5,1,1,Male,Canada,Medium,Silver,54.38
514,31,144179,2,9,49,Female,France,Low,Bronze,56.44
515,45,141243,3,7,45,Male,Germany,Low,Silver,63.73
516,22,39596,10,8,4,Female,UK,Medium,Gold,91.63
517,64,58572,6,9,7,Male,France,Low,Gold,88.88
518,66,103757,7,6,49,Male,Canada,Medium,Bronze,63.24
519,47,26279,9,5,9,Female,France,Medium,Platinum,87.59
520,63,88197,1,6,36,Male,USA,Medium,Bronze,49.85
521,69,136496,7,2,19,Male,Canada,Low,Platinum,63.15
522,22,87516,8,4,1,Female,USA,Medium,Silver,69.95
523,29,32083,3,3,10,Female,Canada,Low,Platinum,60.69
524,33,145674,4,7,36,Male,France,Medium,Platinum,92.09
525,43,145307,10,9,9,Female,Germany,Medium,Silver,86.58
526,43,134397,6,5,45,Male,UK,High,Gold,71.85
527,65,42771,10,6,46,Female,USA,High,Silver,86.37
528,38,54975,7,10,42,Male,France,High,Bronze,72.13
529,56,70648,4,2,32,Male,Germany,Low,Bronze,44.54
530,53,73285,8,3,32,Female,France,Low,Bronze,57.58
531,50,44063,5,3,6,Male,USA,Medium,Bronze,58.97
532,47,92642,1,9,48,Male,UK,Medium,Bronze,64.87
533,54,115093,4,7,38,Female,France,Medium,Gold,69.98
534,40,139390,3,8,17,Female,Canada,Medium,Gold,71.75
535,27,111143,9,10,10,Male,Germany,Low,Platinum,88.67
536,22,62599,8,9,50,Female,France,Medium,Bronze,71.86
537,53,76920,1,6,27,Female,Germany,Medium,Silver,59.05
538,51,53529,6,4,50,Male,Canada,High,Bronze,58.63
539,69,60954,9,1,35,Male,UK,Medium,Gold,67.93
540,48,52856,7,8,21,Female,UK,Medium,Bronze,67.52
541,27,27573,4,7,25,Female,Canada,Medium,Gold,75.25
542,36,103344,1,2,28,Female,Germany,Low,Platinum,61.51
543,49,60367,2,8,47,Male,France,High,Platinum,73.49
544,18,127337,5,5,15,Male,Canada,Medium,Platinum,65.73
545,22,131732,5,7,4,Male,USA,Medium,Gold,74.38
546,62,124608,8,4,29,Male,Germany,High,Bronze,70.08
547,21,85774,6,5,9,Male,UK,Medium,Bronze,63.59
548,33,48752,8,8,27,Male,Canada,Low,Silver,72.77
549,41,80029,2,1,26,Male,UK,Medium,Gold,51.5
550,33,42685,3,1,19,Female,Germany,Low,Silver,46.84
551,19,76693,6,4,28,Female,UK,Low,Platinum,75.2
552,66,141739,10,3,17,Male,Canada,Medium,Bronze,57.72
553,45,80961,3,10,43,Male,Germany,High,Gold,80.66
554,49,131937,6,2,41,Male,USA,Low,Silver,56.07
555,44,149956,6,3,42,Female,Canada,High,Silver,62.91
556,37,101908,2,1,50,Male,France,Medium,Silver,56.16
557,41,99532,7,1,20,Female,Canada,Low,Bronze,46.82
558,29,106994,2,6,45,Female,Germany,Medium,Bronze,54.79
559,67,81133,6,5,40,Female,Canada,High,Bronze,70.28
560,52,122425,1,8,39,Female,USA,Medium,Gold,64.54
561,50,86268,3,2,49,Female,USA,Medium,Bronze,38.27
562,50,117201,2,4,23,Male,France,Low,Gold,52.86
563,68,63243,7,8,47,Male,UK,Medium,Silver,82.65
564,60,82384,4,6,32,Female,Germany,Medium,Silver,63.32
565,54,56653,8,1,47,Male,Germany,Medium,Platinum,68.27
566,29,51657,6,4,33,Female,UK,Low,Bronze,59.63
567,20,64952,10,1,46,Female,USA,High,Silver,70.85
568,18,47180,4,2,5,Male,USA,High,Bronze,52.45
569,50,122432,5,5,43,Male,Canada,Medium,Gold,70.75
570,57,146829,9,8,48,Male,France,Low,Silver,81.35
571,27,103411,7,8,34,Male,France,Medium,Bronze,84.41
572,60,26622,10,3,40,Male,France,High,Silver,81.64
573,61,73756,9,4,11,Female,Canada,Low,Silver,73.3
574,46,65809,7,10,50,Male,France,High,Bronze,79.97
575,30,41725,1,6,3,Male,UK,High,Silver,57.37
576,29,86396,8,10,33,Male,Canada,Low,Silver,80.31
577,48,76226,4,3,11,Female,UK,Low,Silver,53.04
578,63,131296,3,2,16,Male,Canada,Medium,Silver,47.11
579,19,106182,7,6,18,Female,France,Medium,Gold,76.62
580,68,107565,3,5,30,Male,UK,High,Silver,67.0
581,67,54402,8,10,48,Male,UK,Low,Platinum,91.8
582,52,29263,6,5,10,Female,UK,Low,Silver,65.02
583,40,148489,5,10,18,Male,Canada,Medium,Bronze,73.95
584,34,121523,4,5,38,Male,Germany,High,Platinum,74.96
585,43,71828,8,10,19,Female,France,High,Gold,92.43
586,25,145824,8,5,36,Male,UK,Medium,Platinum,76.51
587,46,72924,1,3,13,Female,Germany,Low,Platinum,63.92
588,43,99182,9,7,46,Female,France,Medium,Platinum,90.07
589,27,118065,5,6,3,Female,France,Medium,Bronze,61.38
590,43,84052,4,4,10,Female,UK,Medium,Bronze,50.36
591,51,36664,6,2,38,Female,UK,Medium,Bronze,69.68
592,68,60737,6,9,1,Male,Canada,Low,Gold,72.13
593,58,126332,2,1,27,Male,Germany,Medium,Bronze,40.36
594,24,114563,8,4,46,Male,Germany,Low,Bronze,62.08
595,21,54373,7,1,8,Female,UK,Medium,Platinum,73.0
596,67,142369,1,6,46,Female,France,High,Bronze,62.29
597,62,61397,5,4,42,Female,UK,Low,Silver,66.54
598,28,111145,6,5,17,Female,France,High,Bronze,70.03
599,46,126371,4,5,9,Male,France,Medium,Gold,62.22
600,53,63709,2,9,6,Male,UK,Medium,Gold,71.22
601,42,141074,4,1,43,Female,USA,Medium,Silver,54.04
602,38,86120,1,2,25,Female,Germany,Low,Gold,57.84
603,53,44250,7,6,39,Male,France,High,Gold,75.51
604,27,46172,2,5,49,Female,France,Low,Platinum,68.51
605,54,36555,2,7,28,Female,USA,Low,Silver,58.4
606,26,112410,9,3,33,Female,Canada,Medium,Platinum,84.19
607,41,103617,5,3,37,Male,USA,High,Platinum,74.49
608,52,78276,2,10,9,Male,USA,Medium,Bronze,60.79
609,66,82492,9,2,18,Female,France,Low,Silver,66.25
610,52,78002,9,3,21,Male,Germany,Medium,Bronze,68.27
611,65,145103,1,10,2,Female,USA,High,Bronze,72.36
612,53,149938,3,1,43,Female,Canada,Medium,Platinum,59.93
613,35,114599,4,5,38,Male,UK,High,Gold,69.5
614,66,97355,7,5,40,Female,USA,High,Silver,67.21
615,56,116248,10,7,36,Female,USA,Medium,Gold,91.6
616,49,49762,4,4,50,Male,Canada,Low,Platinum,67.12
617,41,36046,2,3,43,Female,Germany,Medium,Platinum,57.67
618,40,121999,7,1,37,Female,USA,Low,Platinum,62.31
619,49,149130,6,8,15,Female,USA,Low,Platinum,77.67
620,54,141021,3,3,28,Male,Germany,Medium,Platinum,57.59
621,29,53769,6,2,18,Female,Canada,Low,Platinum,60.91
622,66,78302,6,4,34,Male,USA,Low,Gold,59.33
623,30,48150,5,3,22,Female,Germany,Medium,Bronze,52.94
624,40,93247,4,1,11,Female,USA,Medium,Gold,53.81
625,42,29853,10,3,13,Female,UK,Medium,Silver,64.36
626,52,119613,1,2,4,Female,France,Low,Gold,57.61
627,58,145900,10,8,22,Male,UK,High,Platinum,100.0
628,47,114399,6,6,7,Male,USA,Low,Gold,66.1
629,34,46792,2,9,43,Female,Canada,High,Bronze,68.86
630,66,84129,3,8,24,Female,France,Medium,Silver,69.59
631,37,131019,8,10,4,Female,UK,High,Gold,100.0
632,65,99478,10,3,28,Female,Germany,Medium,Bronze,63.41
633,42,138811,6,5,15,Female,Canada,Medium,Gold,77.96
634,39,139130,3,7,1,Female,UK,High,Silver,67.26
635,30,92298,7,5,3,Female,Germany,Medium,Gold,68.32
636,36,56987,4,8,14,Female,USA,High,Platinum,88.62
637,66,40850,9,5,38,Male,Germany,Medium,Gold,86.45
638,53,37112,5,1,50,Male,UK,Low,Bronze,57.94
639,29,146789,3,5,1,Male,UK,Low,Gold,54.0
640,58,49058,2,4,38,Female,USA,Medium,Bronze,53.49
641,36,70420,2,6,38,Female,Germany,Medium,Silver,57.95
642,29,63890,3,3,21,Female,Germany,High,Gold,68.92
643,26,91017,2,5,48,Male,USA,Low,Silver,45.15
644,24,72304,4,2,29,Female,Germany,High,Silver,53.69
645,45,57921,2,6,5,Male,USA,Medium,Gold,61.12
646,31,130921,10,6,49,Female,Canada,Medium,Bronze,75.39
647,48,26524,9,5,10,Male,UK,High,Silver,76.79
648,69,125424,2,6,28,Male,Canada,Medium,Silver,63.3
649,36,40048,9,7,21,Male,France,Low,Gold,85.13
650,64,60111,6,5,50,Female,France,High,Gold,80.5
651,33,62904,1,1,7,Male,France,Low,Gold,53.09
652,22,79912,4,8,3,Female,USA,Low,Gold,72.08
653,52,59008,1,4,45,Female,Germany,Low,Gold,46.42
654,29,25060,6,9,47,Female,Canada,High,Platinum,99.32
655,42,99666,4,10,20,Female,Canada,Medium,Gold,76.97
656,69,108559,3,6,19,Female,Canada,Low,Bronze,57.05
657,38,80337,3,1,35,Male,Canada,Low,Silver,52.87
658,53,135616,9,3,4,Female,France,Low,Bronze,62.28
659,40,38350,6,3,5,Female,Canada,Medium,Bronze,50.02
660,33,49354,9,10,1,Female,Germany,Medium,Platinum,92.91
661,56,70186,5,4,4,Female,France,High,Gold,79.11
662,62,53145,2,6,12,Female,Canada,Medium,Silver,59.15
663,59,59020,8,7,27,Male,USA,High,Bronze,77.9
664,56,111123,5,10,42,Male,UK,High,Gold,91.29
665,31,131667,2,4,23,Female,UK,High,Gold,68.48
666,48,100186,4,6,25,Male,UK,High,Platinum,81.39
667,22,110469,9,1,21,Male,France,High,Platinum,78.96
668,52,45581,4,8,24,Female,Canada,Low,Platinum,73.44
669,40,113929,4,7,25,Male,France,Medium,Silver,71.79
670,46,48051,2,9,45,Female,Germany,Low,Bronze,60.27
671,60,76474,6,3,46,Male,USA,High,Platinum,76.21
672,28,116748,2,2,32,Male,USA,Medium,Platinum,65.41
673,35,139618,7,1,32,Male,UK,Low,Platinum,64.35
674,64,94626,3,3,5,Female,UK,Low,Bronze,40.74
675,29,31960,3,5,36,Male,UK,High,Bronze,56.21
676,26,60772,5,2,46,Male,Canada,Low,Platinum,57.61
677,27,46520,3,3,42,Female,Germany,Low,Platinum,58.64
678,61,74481,2,4,49,Female,Germany,Low,Gold,61.17
679,34,61408,10,7,42,Male,Germany,Low,Platinum,83.47
680,55,119006,9,3,39,Female,Germany,Low,Silver,65.94
681,24,82134,2,9,16,Male,UK,High,Silver,69.22
682,63,45491,2,8,33,Male,USA,High,Platinum,78.7
683,30,26341,8,4,49,Female,UK,Low,Bronze,52.45
684,57,69623,9,1,21,Female,Germany,High,Gold,73.9
685,59,115327,7,1,9,Female,UK,High,Bronze,59.03
686,26,25338,3,1,6,Male,Germany,Medium,Platinum,62.7
687,67,96431,9,1,45,Female,France,Low,Silver,61.12
688,44,37254,3,8,35,Male,USA,High,Gold,71.51
689,19,76860,5,3,39,Female,France,High,Bronze,65.42
690,22,36344,9,6,22,Male,Canada,Low,Bronze,68.55
691,46,26750,3,3,41,Female,UK,Medium,Platinum,65.99
692,54,79756,7,5,5,Male,Canada,Low,Gold,69.95
693,55,92957,1,7,42,Female,UK,Medium,Silver,57.41
694,36,130423,4,2,23,Male,France,Low,Platinum,61.09
695,25,83053,4,6,17,Female,Germany,Low,Gold,67.38
696,65,95855,7,6,12,Female,Germany,Low,Bronze,53.77
697,62,40896,8,3,23,Male,UK,Low,Platinum,69.81
698,18,80761,1,6,16,Female,Germany,Medium,Bronze,51.23
699,39,87552,5,10,3,Male,France,Medium,Bronze,73.78
700,69,145075,7,10,30,Male,Germany,High,Platinum,100.0
701,34,102454,4,5,22,Female,France,Low,Platinum,63.64
702,24,143681,4,2,9,Male,Canada,Medium,Platinum,62.51
703,42,115600,4,9,29,Female,France,Medium,Platinum,79.94
704,62,147732,6,8,47,Female,USA,Medium,Platinum,80.99
705,21,137153,7,3,37,Male,USA,Low,Bronze,53.26
706,53,147926,2,8,23,Female,USA,High,Silver,73.85
707,23,52935,5,9,13,Male,UK,Medium,Silver,69.73
708,48,62641,4,3,32,Male,UK,Low,Platinum,64.64
709,36,54711,3,3,46,Female,UK,Medium,Bronze,41.49
710,61,95342,7,2,47,Female,France,Medium,Silver,59.69
711,56,131896,6,8,48,Male,UK,High,Silver,78.35
712,44,37182,7,10,23,Male,Canada,Medium,Silver,90.87
713,27,112833,5,1,45,Female,USA,Medium,Bronze,48.63
714,43,81276,6,8,17,Female,France,Low,Platinum,68.99
715,36,44541,5,7,40,Female,USA,Low,Platinum,65.01
716,56,119457,7,7,21,Female,UK,High,Platinum,90.17
717,20,107310,2,3,2,Male,France,Low,Gold,55.57
718,62,69813,5,1,37,Female,Germany,Low,Gold,56.88
719,30,62198,6,4,6,Male,Canada,High,Gold,75.84
720,67,33820,6,9,44,Male,UK,Medium,Bronze,78.31
721,45,49070,5,5,18,Female,UK,High,Silver,67.3
722,37,94768,10,1,30,Male,Canada,Low,Silver,66.97
723,45,36122,7,5,22,Female,Canada,High,Bronze,61.84
724,25,105559,10,8,33,Male,Germany,Medium,Bronze,75.48
725,58,98543,8,8,30,Female,UK,High,Platinum,85.96
726,56,108441,7,5,17,Male,UK,Low,Platinum,73.63
727,18,66786,5,9,43,Male,USA,Low,Gold,74.77
728,20,119934,1,1,32,Female,France,High,Gold,55.57
729,30,124804,5,4,42,Female,France,Medium,Bronze,57.81
730,45,31737,10,3,14,Male,USA,High,Gold,77.86
731,66,61062,2,2,10,Male,France,Medium,Silver,49.05
732,42,79237,5,8,47,Female,Canada,Medium,Bronze,60.01
733,50,76571,5,7,36,Male,France,High,Bronze,76.82
734,55,50510,2,9,34,Female,France,Medium,Silver,65.98
735,23,44426,5,2,9,Male,USA,Low,Platinum,60.06
736,61,62265,4,4,42,Female,Germany,High,Platinum,82.94
737,62,42850,1,6,28,Male,France,Medium,Silver,51.29
738,49,143249,3,3,11,Female,France,Low,Silver,44.37
739,62,91150,1,8,14,Female,Germany,High,Gold,67.02
740,64,112312,5,3,39,Male,USA,Low,Bronze,49.66
741,38,114613,4,2,47,Female,Germany,Low,Gold,57.16
742,33,99910,7,3,19,Male,USA,Low,Silver,63.7
743,38,77375,5,6,15,Female,Canada,Medium,Gold,85.36
744,28,146826,10,2,28,Female,USA,High,Silver,63.75
745,54,60435,4,8,24,Female,Canada,High,Gold,83.04
746,53,121443,2,1,8,Male,Canada,Medium,Gold,49.71
747,52,82132,4,7,43,Female,USA,High,Platinum,79.57
748,36,103945,2,2,9,Male,UK,Low,Silver,41.9
749,37,107050,8,10,47,Female,USA,High,Gold,90.46
750,35,120402,3,6,33,Male,France,Medium,Bronze,65.92
751,64,27983,9,2,33,Male,France,Low,Gold,71.71
752,58,122241,4,2,19,Male,UK,Medium,Gold,60.12
753,66,45662,6,10,3,Female,Canada,Low,Bronze,76.76
754,31,48510,10,8,10,Male,UK,Low,Silver,72.44
755,32,103187,5,2,40,Female,France,High,Platinum,65.85
756,48,65998,10,7,47,Male,UK,Low,Platinum,76.61
757,18,81846,1,3,42,Male,USA,Medium,Platinum,56.5
758,20,119071,9,8,1,Male,UK,High,Bronze,83.31
759,33,31640,1,7,29,Male,Canada,Medium,Gold,65.51
760,40,69547,8,8,50,Female,USA,Low,Silver,75.75
761,28,79620,9,7,34,Male,Germany,Medium,Gold,77.94
762,29,40317,9,6,13,Male,France,Medium,Platinum,91.52
763,27,140608,1,7,1,Female,France,Low,Gold,61.2
764,49,32564,2,5,34,Male,UK,High,Bronze,61.17
765,33,52345,1,7,29,Male,USA,Medium,Bronze,45.54
766,25,138824,10,1,48,Male,Germany,Low,Silver,64.06
767,55,119223,2,1,47,Male,USA,High,Silver,46.56
768,29,148372,10,9,13,Female,France,High,Platinum,100.0
769,41,104273,8,5,48,Female,USA,High,Silver,80.17
770,45,99859,5,5,49,Male,Germany,Medium,Gold,70.46
771,25,105765,7,3,29,Female,UK,Medium,Bronze,55.74
772,45,135017,2,5,39,Female,Canada,Medium,Bronze,52.53
773,53,99038,8,3,24,Male,USA,High,Bronze,59.84
774,43,148618,6,9,26,Female,Canada,Medium,Silver,83.25
775,25,77393,8,9,17,Male,France,Low,Bronze,71.47
776,67,91081,1,6,7,Female,UK,Medium,Bronze,58.09
777,45,127650,1,1,13,Female,UK,Medium,Bronze,37.37
778,45,54430,7,7,5,Female,USA,High,Platinum,87.38
779,54,100532,8,7,26,Male,UK,Medium,Platinum,83.68
780,58,52788,3,10,49,Female,USA,Low,Silver,71.88
781,53,120505,5,10,3,Male,USA,High,Bronze,73.95
782,44,73543,1,4,7,Male,Canada,Low,Silver,50.72
783,34,38919,7,8,49,Female,UK,High,Bronze,75.59
784,26,94346,5,6,39,Male,USA,High,Bronze,57.62
785,50,121122,8,4,1,Female,Canada,Medium,Bronze,62.15
786,37,64974,8,4,49,Male,Germany,Low,Silver,59.1
787,30,132309,9,2,17,Male,Canada,High,Silver,72.67
788,45,41371,7,2,43,Female,Canada,Medium,Bronze,51.55
789,65,70084,1,4,25,Female,USA,High,Gold,67.13
790,46,54629,3,5,3,Female,France,High,Silver,64.54
791,30,76184,8,8,15,Female,France,High,Platinum,94.11
792,63,86916,3,6,29,Male,France,High,Silver,70.78
793,52,98972,8,4,43,Male,Canada,High,Bronze,74.82
794,23,87187,1,7,32,Male,USA,High,Gold,69.9
795,35,37984,5,8,26,Female,UK,Medium,Bronze,63.64
796,68,58039,4,2,16,Male,Canada,High,Platinum,61.13
797,22,110431,5,7,25,Female,Canada,Low,Silver,61.57
798,64,108691,8,2,28,Male,USA,Medium,Silver,61.91
799,42,83606,10,2,9,Female,Germany,Low,Bronze,60.54
800,19,35616,4,8,1,Male,Canada,High,Bronze,68.27
801,27,127665,4,2,29,Male,Germany,Low,Platinum,63.44
802,47,130373,3,9,22,Female,Germany,High,Gold,76.94
803,67,75072,7,1,16,Male,France,High,Platinum,74.71
804,62,49574,3,9,41,Female,USA,Medium,Gold,80.92
805,22,28430,3,1,44,Male,Germany,Medium,Silver,51.71
806,50,144123,10,10,41,Male,USA,High,Gold,99.7
807,18,37676,5,10,7,Female,France,Medium,Gold,79.49
808,35,35816,5,2,14,Female,USA,Low,Silver,49.33
809,49,57733,6,6,29,Male,Canada,Medium,Silver,65.75
810,64,110680,8,6,19,Male,Germany,Medium,Silver,72.29
811,66,27050,10,1,19,Male,USA,Low,Platinum,76.28
812,28,134996,6,7,2,Male,UK,Medium,Silver,71.39
813,38,58933,1,8,41,Male,USA,High,Bronze,55.75
814,43,49951,8,2,45,Male,Germany,Low,Silver,68.84
815,42,57413,8,8,15,Female,France,High,Silver,86.6
816,39,59801,9,9,3,Female,France,Low,Silver,72.97
817,44,80619,9,6,11,Female,Germany,High,Gold,85.29
818,66,57913,2,5,46,Male,Canada,High,Platinum,73.05
819,30,137573,2,9,30,Male,Canada,Medium,Silver,76.02
820,50,144076,3,9,40,Male,France,High,Platinum,79.46
821,51,65600,1,1,18,Female,France,Medium,Bronze,44.88
822,58,82775,4,3,48,Female,Germany,Low,Bronze,54.5
823,52,115816,4,9,2,Male,Canada,High,Silver,74.36
824,18,115093,9,2,32,Male,France,High,Bronze,66.11
825,38,137590,9,4,8,Female,Canada,Low,Platinum,72.32
826,65,60400,9,4,22,Female,France,Low,Gold,71.48
827,23,29494,10,2,6,Female,USA,High,Silver,74.82
828,45,105688,7,3,12,Male,UK,Low,Bronze,58.3
829,34,147744,2,3,47,Male,USA,Medium,Platinum,67.95
830,22,114431,10,1,40,Male,France,Low,Platinum,68.76
831,48,99691,5,6,36,Female,UK,Low,Bronze,47.66
832,22,122419,4,8,15,Female,UK,High,Platinum,84.89
833,55,133730,8,3,28,Male,France,Medium,Platinum,78.97
834,20,68001,2,5,49,Male,France,Low,Silver,53.75
835,40,92364,6,1,45,Female,Canada,Medium,Platinum,65.87
836,54,149988,5,10,18,Male,France,Medium,Bronze,73.12
837,54,70028,2,7,2,Female,Germany,Medium,Silver,70.08
838,27,132434,10,10,13,Female,France,High,Bronze,91.91
839,27,122659,1,1,45,Male,Germany,Low,Gold,43.13
840,36,62573,8,9,15,Female,France,High,Bronze,80.0
841,34,25806,2,8,20,Male,Canada,Low,Bronze,54.15
842,38,149343,7,7,29,Female,Germany,Low,Silver,78.18
843,31,81638,9,10,42,Female,USA,High,Platinum,100.0
844,26,131506,9,7,29,Male,Germany,Medium,Bronze,74.9
845,63,54757,8,5,3,Female,Canada,Medium,Silver,70.09
846,18,59636,10,5,19,Male,Germany,Low,Gold,82.99
847,68,105097,9,5,3,Male,France,High,Silver,89.8
848,62,73280,2,1,14,Female,France,Medium,Silver,49.75
849,30,49262,6,8,40,Male,Canada,Medium,Platinum,85.41
850,21,105435,4,1,4,Male,UK,Low,Bronze,42.68
851,18,87211,4,4,11,Male,France,Low,Gold,48.08
852,66,79842,5,9,31,Male,USA,High,Silver,83.73
853,57,81979,3,9,43,Male,Canada,Low,Bronze,60.67
854,49,139524,1,5,32,Male,Germany,Medium,Bronze,52.14
855,51,106470,8,4,27,Female,Germany,Medium,Silver,66.44
856,45,63197,5,3,30,Male,USA,Medium,Bronze,53.08
857,48,66844,3,3,43,Female,France,Medium,Silver,52.94
858,25,89754,10,5,2,Female,Canada,High,Silver,87.61
859,56,126868,7,10,49,Male,USA,High,Silver,85.61
860,43,59157,7,1,9,Female,France,Low,Gold,70.41
861,51,102129,1,5,28,Female,Canada,Low,Silver,52.15
862,20,65042,9,6,31,Male,Germany,Low,Platinum,76.12
863,67,86665,2,7,34,Male,Canada,High,Bronze,61.86
864,29,140512,5,9,15,Male,UK,Medium,Gold,76.74
865,18,141953,5,3,48,Female,Canada,Low,Bronze,39.03
866,61,107856,8,2,25,Female,UK,Medium,Gold,78.0
867,22,52376,8,3,36,Male,Canada,Low,Platinum,76.02
868,47,134049,7,9,8,Male,UK,Low,Gold,82.67
869,47,80554,7,7,9,Female,Germany,Low,Gold,75.83
870,34,39199,6,9,37,Female,France,Low,Gold,70.59
871,65,143533,6,2,48,Female,UK,Low,Bronze,47.58
872,64,106412,9,5,45,Female,UK,Medium,Silver,79.21
873,40,75948,6,4,39,Male,Germany,Low,Bronze,49.74
874,32,98781,2,2,32,Female,UK,Medium,Silver,37.34
875,54,97750,2,9,17,Female,USA,High,Bronze,66.36
876,38,91262,5,9,35,Female,Germany,Low,Platinum,79.29
877,31,142424,4,6,37,Female,USA,Medium,Platinum,75.68
878,19,71600,2,6,19,Male,Germany,High,Gold,73.64
879,28,101898,3,8,44,Male,UK,High,Platinum,85.69
880,68,87483,7,6,29,Female,USA,High,Gold,83.79
881,56,43297,8,1,7,Female,UK,Medium,Silver,68.48
882,55,55448,6,4,28,Male,Germany,Low,Platinum,62.41
883,51,51172,5,7,9,Male,UK,Low,Silver,67.52
884,55,67874,1,2,28,Female,USA,Medium,Bronze,45.63
885,67,32657,8,9,6,Female,USA,Low,Silver,71.3
886,51,109386,3,8,29,Male,UK,Medium,Bronze,54.99
887,35,50425,6,8,17,Male,Canada,Low,Silver,66.27
888,47,51685,3,7,16,Male,Germany,High,Silver,66.69
889,32,147000,7,4,23,Male,Germany,Low,Platinum,76.27
890,44,137855,7,2,31,Male,UK,Medium,Silver,59.43
891,68,49578,9,3,3,Male,Canada,Medium,Platinum,75.72
892,51,53831,5,6,21,Female,USA,High,Platinum,79.44
893,69,32906,8,5,26,Male,France,Medium,Gold,83.09
894,55,86413,10,8,36,Male,France,Low,Gold,85.07
895,50,79028,10,6,42,Male,UK,Low,Bronze,69.1
896,41,32287,8,6,37,Male,Canada,High,Silver,79.45
897,32,58660,1,1,22,Female,Canada,Medium,Bronze,46.46
898,47,100758,5,4,42,Female,Germany,High,Silver,63.75
899,59,85504,3,5,12,Male,USA,Low,Gold,66.58
900,68,84720,1,3,42,Female,Canada,High,Gold,61.05
901,34,127979,4,9,13,Female,France,Medium,Silver,71.7
902,22,59701,8,1,11,Female,USA,High,Silver,80.0
903,46,108300,3,6,16,Female,USA,Medium,Gold,62.22
904,21,135177,10,6,8,Female,UK,Medium,Gold,83.23
905,27,42674,2,10,40,Female,Canada,Low,Bronze,53.84
906,34,108560,9,5,40,Male,UK,Low,Gold,79.76
907,27,136543,10,5,45,Male,Canada,Low,Silver,80.95
908,34,48874,5,10,2,Male,Germany,Medium,Bronze,80.85
909,37,68642,7,5,30,Male,UK,High,Silver,81.12
910,41,148867,2,6,30,Male,UK,Medium,Platinum,69.01
911,22,122820,9,8,12,Female,France,Low,Bronze,70.67
912,51,90160,9,2,10,Male,UK,Low,Silver,54.14
913,23,42602,4,6,44,Male,Canada,High,Gold,85.18
914,19,128320,4,1,11,Female,France,Low,Platinum,59.84
915,30,113801,6,4,15,Female,UK,Low,Silver,57.54
916,60,50931,10,10,16,Male,UK,Low,Bronze,86.64
917,60,119377,10,3,17,Female,Germany,High,Silver,72.64
918,65,54192,10,9,26,Female,UK,Medium,Platinum,99.53
919,28,71542,6,3,2,Female,USA,Low,Bronze,51.64
920,68,67520,1,6,50,Female,France,High,Platinum,75.69
921,64,89772,9,1,12,Male,USA,Low,Silver,59.68
922,40,83762,2,6,26,Female,France,High,Gold,62.75
923,33,75106,5,4,23,Male,Germany,Low,Gold,62.88
924,48,106121,9,8,18,Male,UK,High,Silver,92.74
925,28,50559,4,9,32,Female,UK,Low,Silver,67.35
926,33,130595,3,4,49,Female,UK,Medium,Silver,61.38
927,25,58742,7,10,38,Female,France,Low,Bronze,67.27
928,21,94669,6,10,47,Male,UK,High,Platinum,94.87
929,57,105199,8,6,3,Female,USA,Low,Platinum,76.88
930,21,46754,3,1,38,Female,UK,Medium,Platinum,63.73
931,42,28972,5,4,3,Female,Germany,Low,Silver,57.66
932,20,95831,10,7,30,Female,USA,High,Platinum,100.0
933,49,137217,4,1,1,Female,UK,High,Silver,62.94
934,20,66873,4,8,30,Male,UK,Medium,Bronze,68.46
935,44,119661,4,10,45,Female,Canada,High,Gold,86.37
936,46,131532,10,6,32,Female,France,Low,Silver,70.01
937,49,34903,8,5,28,Female,USA,Low,Silver,67.49
938,67,28020,6,10,21,Male,Canada,Low,Gold,77.33
939,68,66755,3,9,46,Female,Germany,High,Gold,78.28
940,36,110956,10,2,13,Male,France,Low,Bronze,58.13
941,38,111988,5,5,27,Male,USA,Low,Platinum,65.1
942,22,70648,6,6,36,Female,UK,Low,Silver,55.21
943,35,128537,5,7,7,Female,USA,Medium,Platinum,76.66
944,45,34516,6,5,22,Female,UK,High,Silver,73.47
945,59,137863,8,9,10,Male,France,High,Bronze,75.76
946,39,140005,7,1,39,Male,UK,High,Gold,70.08
947,38,27396,5,7,15,Male,Germany,Medium,Bronze,74.5
948,23,109082,10,10,15,Male,UK,High,Gold,100.0
949,18,44129,6,7,4,Male,Germany,Medium,Platinum,90.72
950,22,26591,4,4,32,Male,France,Medium,Platinum,71.96
951,58,36303,9,9,23,Female,France,High,Bronze,90.84
952,29,55561,4,5,6,Female,USA,Low,Gold,58.88
953,43,96719,1,4,24,Male,Germany,Low,Bronze,39.28
954,63,143618,7,7,20,Female,Germany,High,Gold,71.3
955,51,117108,7,4,37,Female,Canada,High,Gold,83.43
956,66,124616,4,3,20,Male,Canada,Medium,Platinum,75.2
957,31,149165,3,9,12,Male,Canada,High,Platinum,82.23
958,43,111231,8,8,33,Female,UK,Medium,Gold,83.73
959,62,32314,5,1,28,Male,Canada,High,Gold,61.23
960,44,142071,10,7,8,Male,Germany,Low,Gold,84.41
961,26,44623,7,9,1,Female,UK,Low,Platinum,90.62
962,43,92675,4,8,37,Male,France,High,Platinum,76.29
963,64,137992,4,8,22,Female,USA,Medium,Silver,72.05
964,39,121826,8,6,6,Female,Canada,Low,Gold,73.62
965,64,90082,8,4,21,Female,France,Medium,Silver,70.57
966,47,108624,2,8,32,Female,Germany,High,Gold,77.29
967,60,130228,2,3,35,Female,USA,High,Platinum,66.56
968,65,58130,3,9,15,Male,France,Low,Silver,64.48
969,34,76756,3,2,5,Male,USA,High,Silver,56.43
970,43,122624,1,2,46,Male,Canada,Low,Bronze,42.35
971,53,51292,3,7,50,Male,Germany,Medium,Gold,72.09
972,18,136785,6,10,48,Female,USA,Low,Platinum,86.1
973,25,111206,8,4,6,Female,France,Low,Bronze,53.65
974,66,94274,10,10,25,Male,Canada,Medium,Bronze,83.11
975,52,27469,6,8,46,Female,Canada,Low,Gold,79.49
976,69,78947,5,9,40,Male,France,Low,Bronze,65.19
977,32,47534,4,7,29,Male,France,High,Gold,80.8
978,64,88620,3,5,7,Male,USA,Medium,Bronze,63.83
979,39,73874,4,8,40,Female,UK,Low,Gold,75.19
980,31,74708,7,4,13,Female,Canada,Medium,Platinum,77.97
981,43,99553,1,2,38,Female,USA,Medium,Gold,49.95
982,45,93344,7,6,18,Female,France,Low,Gold,59.73
983,40,74138,1,9,2,Male,USA,High,Silver,69.16
984,31,79302,2,1,8,Female,France,Medium,Platinum,55.87
985,41,72638,4,10,11,Female,Germany,Low,Platinum,81.95
986,19,103249,1,7,33,Female,France,Medium,Platinum,69.23
987,62,130865,9,10,38,Male,France,High,Bronze,85.9
988,43,27719,6,9,48,Male,France,High,Silver,73.6
989,31,47890,1,10,27,Female,UK,High,Platinum,77.8
990,68,102236,1,9,20,Female,France,Low,Bronze,57.38
991,24,61509,6,10,12,Female,Canada,Low,Bronze,78.58
992,20,67534,4,3,43,Female,Canada,High,Bronze,57.01
993,64,127302,4,5,31,Male,USA,Low,Silver,59.14
994,40,117241,6,8,27,Female,UK,High,Bronze,79.76
995,63,43787,7,8,32,Female,USA,Low,Silver,68.45
996,60,73845,9,4,10,Female,Canada,High,Gold,84.33
997,64,82932,10,1,3,Male,Canada,Medium,Bronze,58.8
998,62,117124,5,1,45,Male,Germany,High,Platinum,74.32
999,35,116659,9,4,27,Female,France,High,Bronze,73.26
1000,55,58062,4,6,35,Female,Canada,Low,Gold,66.49
